Comment,Designator,Footprint,LCSC
1uH,L1,IND-SMD_L7.1-W6.6,C149578
C174049,"BOOT1,RST1",SW-SMD_4P-L4.5-W4.5-P3.00-LS6.8,C174049
BH-18650-B1BA002,BT1,BATTERY-SMD_18650-1S-L77.1-W20.7-1,C2988620
TPS61023DRLR,U5,SOT-563_L1.6-W1.2-P0.50-LS1.6-BR,C919459
MountingHole_Pad,H2,MountingHole_3.2mm_M3_DIN965_Pad,
100nF,C1,C_0402_1005Metric,
INA219AIDR,U4,SOIC-8_3.9x4.9mm_P1.27mm,
100nF,C4,C_0402_1005Metric,
0.1,R14,R_2512_6332Metric,
Motor_Servo_AirTronics,M1,PinHeader_1x03_P2.54mm_Vertical,
732k,R17,R_0402_1005Metric,
1uF,C8,C_0805_2012Metric,
ESP32-WROOM-32,U1,ESP32-WROOM-32,
10k,R11,R_0402_1005Metric,
10k,R9,R_0402_1005Metric,
1uF,C2,C_0805_2012Metric,
0.1,R16,R_2512_6332Metric,
10k,R8,R_0402_1005Metric,
10k,R10,R_0402_1005Metric,
BSS138,Q1,SOT-23,
5k-10k,LDR2,PinHeader_1x02_P2.54mm_Vertical,
Polyfuse,F1,Fuse_0805_2012Metric,
5k-10k,LDR1,PinHeader_1x02_P2.54mm_Vertical,
1uF,C9,C_0805_2012Metric,
1uF,C12,C_0805_2012Metric,
10k,R2,R_0402_1005Metric,
BQ24210DQCT,U3,WSON-10-1EP_2x3mm_P0.5mm_EP0.84x2.4mm,
1uF,C3,C_0805_2012Metric,
MountingHole_Pad,H4,MountingHole_3.2mm_M3_DIN965_Pad,
1uF,C6,C_0805_2012Metric,
22uF,C13,C_0805_2012Metric,
5k-10k,LDR3,PinHeader_1x02_P2.54mm_Vertical,
1k,R13,R_0402_1005Metric,
1uF,C5,C_0805_2012Metric,
10k,R4,R_0402_1005Metric,
MountingHole_Pad,H1,MountingHole_3.2mm_M3_DIN965_Pad,
10k,R12,R_0402_1005Metric,
BSS138,Q2,SOT-23,
SW_DIP_x01,ON1,PinHeader_1x02_P2.54mm_Vertical,
22uF,C7,C_0805_2012Metric,
RT9013-33GB.,U6,SOT-23-5,
Motor_Servo_AirTronics,M2,PinHeader_1x03_P2.54mm_Vertical,
22uF,C10,C_0805_2012Metric,
PROG,J1,PinHeader_1x03_P2.54mm_Vertical,
1uF,C11,C_0805_2012Metric,
INA219AIDR,U2,SOIC-8_3.9x4.9mm_P1.27mm,
SOLAR,SOLAR1,PinHeader_1x02_P2.54mm_Vertical,
MountingHole_Pad,H3,MountingHole_3.2mm_M3_DIN965_Pad,
100k,R18,R_0402_1005Metric,
10k,R7,R_0402_1005Metric,
5k-10k,LDR4,PinHeader_1x02_P2.54mm_Vertical,
100k,R15,R_0402_1005Metric,
10k,R6,R_0402_1005Metric,
10k,R5,R_0402_1005Metric,
10k,R3,R_0402_1005Metric,
10k,R1,R_0402_1005Metric,
100nF,C16,C_0402_1005Metric,
